{
  "fp32_layers": {
    "model_1/conv2d_1/BiasAdd": {
      "weight": {
        "shape": [
          16,
          3,
          3,
          3
        ],
        "min": -0.7645165920257568,
        "max": 0.9083133339881897,
        "mean": -0.002136101247742772,
        "std": 0.268650621175766,
        "total_params": 432
      },
      "bias": {
        "shape": [
          16
        ],
        "min": -0.005615524016320705,
        "max": 0.0008981338469311595,
        "mean": -0.0006856495747342706,
        "std": 0.001568312174640596,
        "total_params": 16
      }
    },
    "model_1/conv2d_1_2/BiasAdd": {
      "weight": {
        "shape": [
          16,
          16,
          3,
          3
        ],
        "min": -0.6770703196525574,
        "max": 0.5802153944969177,
        "mean": -0.0041415393352508545,
        "std": 0.12949201464653015,
        "total_params": 2304
      },
      "bias": {
        "shape": [
          16
        ],
        "min": -0.059868231415748596,
        "max": 0.13696521520614624,
        "mean": 0.010103877633810043,
        "std": 0.04689222574234009,
        "total_params": 16
      }
    },
    "model_1/conv2d_2_1/BiasAdd": {
      "weight": {
        "shape": [
          16,
          16,
          3,
          3
        ],
        "min": -0.5411092042922974,
        "max": 0.5084496736526489,
        "mean": -0.0004872353165410459,
        "std": 0.11724615097045898,
        "total_params": 2304
      },
      "bias": {
        "shape": [
          16
        ],
        "min": -0.039344146847724915,
        "max": 0.04278760403394699,
        "mean": -0.008978280238807201,
        "std": 0.023342881351709366,
        "total_params": 16
      }
    },
    "model_1/conv2d_5_1/BiasAdd": {
      "weight": {
        "shape": [
          32,
          16,
          1,
          1
        ],
        "min": -0.4723881781101227,
        "max": 0.5948349833488464,
        "mean": 0.013857387937605381,
        "std": 0.1337687224149704,
        "total_params": 512
      },
      "bias": {
        "shape": [
          32
        ],
        "min": -0.2656008005142212,
        "max": 0.31076204776763916,
        "mean": 0.0037850327789783478,
        "std": 0.147720068693161,
        "total_params": 32
      }
    },
    "model_1/conv2d_3_1/BiasAdd.1": {
      "weight": {
        "shape": [
          32,
          16,
          3,
          3
        ],
        "min": -0.4830104112625122,
        "max": 0.3758402466773987,
        "mean": -0.005993639584630728,
        "std": 0.09982758015394211,
        "total_params": 4608
      },
      "bias": {
        "shape": [
          32
        ],
        "min": -0.02700265496969223,
        "max": 0.03166097030043602,
        "mean": 0.00206311815418303,
        "std": 0.01393977738916874,
        "total_params": 32
      }
    },
    "model_1/conv2d_4_1/BiasAdd": {
      "weight": {
        "shape": [
          32,
          32,
          3,
          3
        ],
        "min": -0.4151681661605835,
        "max": 0.384409636259079,
        "mean": -0.004117855802178383,
        "std": 0.08650945127010345,
        "total_params": 9216
      },
      "bias": {
        "shape": [
          32
        ],
        "min": -0.03297027200460434,
        "max": 0.02007255144417286,
        "mean": -0.002066192450001836,
        "std": 0.012447591871023178,
        "total_params": 32
      }
    },
    "model_1/conv2d_8_1/BiasAdd": {
      "weight": {
        "shape": [
          64,
          32,
          1,
          1
        ],
        "min": -0.6924649477005005,
        "max": 0.5840126276016235,
        "mean": -0.027095723897218704,
        "std": 0.13564488291740417,
        "total_params": 2048
      },
      "bias": {
        "shape": [
          64
        ],
        "min": -0.7563973665237427,
        "max": 0.13228151202201843,
        "mean": -0.16556474566459656,
        "std": 0.18046797811985016,
        "total_params": 64
      }
    },
    "model_1/conv2d_6_1/BiasAdd.1": {
      "weight": {
        "shape": [
          64,
          32,
          3,
          3
        ],
        "min": -0.2788613438606262,
        "max": 0.32264038920402527,
        "mean": -0.004743380006402731,
        "std": 0.06928359717130661,
        "total_params": 18432
      },
      "bias": {
        "shape": [
          64
        ],
        "min": -0.013427761383354664,
        "max": 0.0212519820779562,
        "mean": 0.0008247486548498273,
        "std": 0.006176612805575132,
        "total_params": 64
      }
    },
    "model_1/conv2d_7_1/BiasAdd": {
      "weight": {
        "shape": [
          64,
          64,
          3,
          3
        ],
        "min": -0.250295490026474,
        "max": 0.2732759416103363,
        "mean": -0.0020817327313125134,
        "std": 0.05811939388513565,
        "total_params": 36864
      },
      "bias": {
        "shape": [
          64
        ],
        "min": -0.030501771718263626,
        "max": 0.02750515565276146,
        "mean": 0.0005407478893175721,
        "std": 0.012324442155659199,
        "total_params": 64
      }
    }
  },
  "int8_layers": {
    "model_1/conv2d_1/BiasAdd": {
      "weight_int": {
        "shape": [
          16,
          3,
          3,
          3
        ],
        "min": -128,
        "max": 127,
        "mean": -0.5393518518518519
      },
      "weight_fp32": {
        "shape": [
          16,
          3,
          3,
          3
        ],
        "min": -0.7642412185668945,
        "max": 0.9047513604164124,
        "mean": -0.002336809178814292,
        "std": 0.2685752809047699,
        "total_params": 432
      },
      "scale": 0.004477054928429425,
      "zero_point": 0.0,
      "bias": {
        "shape": [
          16
        ],
        "min": -0.005615524016320705,
        "max": 0.0008981338469311595,
        "mean": -0.0006856495747342706,
        "std": 0.001568312174640596,
        "total_params": 16
      }
    },
    "model_1/conv2d_1_2/BiasAdd": {
      "weight_int": {
        "shape": [
          16,
          16,
          3,
          3
        ],
        "min": -128,
        "max": 127,
        "mean": -1.2838541666666667
      },
      "weight_fp32": {
        "shape": [
          16,
          16,
          3,
          3
        ],
        "min": -0.6797254681587219,
        "max": 0.5788286924362183,
        "mean": -0.0041642822325229645,
        "std": 0.12950460612773895,
        "total_params": 2304
      },
      "scale": 0.0032021752995206043,
      "zero_point": 0.0,
      "bias": {
        "shape": [
          16
        ],
        "min": -0.059868231415748596,
        "max": 0.13696521520614624,
        "mean": 0.010103877633810043,
        "std": 0.04689222574234009,
        "total_params": 16
      }
    },
    "model_1/conv2d_2_1/BiasAdd": {
      "weight_int": {
        "shape": [
          16,
          16,
          3,
          3
        ],
        "min": -128,
        "max": 127,
        "mean": -0.1501736111111111
      },
      "weight_fp32": {
        "shape": [
          16,
          16,
          3,
          3
        ],
        "min": -0.543231189250946,
        "max": 0.5064557194709778,
        "mean": -0.0005023871781304479,
        "std": 0.11725446581840515,
        "total_params": 2304
      },
      "scale": 0.0030315069598145783,
      "zero_point": 0.0,
      "bias": {
        "shape": [
          16
        ],
        "min": -0.039344146847724915,
        "max": 0.04278760403394699,
        "mean": -0.008978280238807201,
        "std": 0.023342881351709366,
        "total_params": 16
      }
    },
    "model_1/conv2d_5_1/BiasAdd": {
      "weight_int": {
        "shape": [
          32,
          16,
          1,
          1
        ],
        "min": -128,
        "max": 127,
        "mean": 5.7890625
      },
      "weight_fp32": {
        "shape": [
          32,
          16,
          1,
          1
        ],